<?xml version="1.0" encoding="UTF-8"?><?xml-stylesheet type='text/xsl' href='_UpgradeReport_Files/UpgradeReport.xslt'?><UpgradeLog>
<Properties><Property Name="Solution" Value="HelloWorld_vc9">
</Property><Property Name="Solution File" Value="C:\Users\CarlosAlejandro\Desktop\irrlicht-1.8\examples\01.HelloWorld\HelloWorld_vc9.sln">
</Property><Property Name="Date" Value="Friday, June 7, 2013">
</Property><Property Name="Time" Value="2:55:39 AM">
</Property></Properties><Event ErrorLevel="0" Project="HelloWorld_vc9" Source="HelloWorld_vc9.vcproj" Description="Converting project file 'C:\Users\CarlosAlejandro\Desktop\irrlicht-1.8\examples\01.HelloWorld\HelloWorld_vc9.vcproj'.">
</Event><Event ErrorLevel="1" Project="HelloWorld_vc9" Source="HelloWorld_vc9.vcproj" Description="VCWebServiceProxyGeneratorTool is no longer supported. The tool has been removed from your project settings.">
</Event><Event ErrorLevel="1" Project="HelloWorld_vc9" Source="HelloWorld_vc9.vcproj" Description="MSB8012: $(TargetName) ('01.HelloWorld_vc9') does not match the Linker's OutputFile property value '..\..\bin\Win32-VisualStudio\01.HelloWorld.exe' ('01.HelloWorld') in project configuration 'Debug|Win32'. This may cause your project to build incorrectly. To correct this, please make sure that $(TargetName) property value matches the value specified in %(Link.OutputFile).">
</Event><Event ErrorLevel="1" Project="HelloWorld_vc9" Source="HelloWorld_vc9.vcproj" Description="MSB8012: $(TargetPath) ('C:\Users\CarlosAlejandro\Desktop\irrlicht-1.8\examples\01.HelloWorld\.\Debug\01.HelloWorld_vc9.exe') does not match the Linker's OutputFile property value '..\..\bin\Win32-VisualStudio\01.HelloWorld.exe' ('C:\Users\CarlosAlejandro\Desktop\irrlicht-1.8\bin\Win32-VisualStudio\01.HelloWorld.exe') in project configuration 'Debug|Win32'. This may cause your project to build incorrectly. To correct this, please make sure that $(TargetPath) property value matches the value specified in %(Link.OutputFile).">
</Event><Event ErrorLevel="1" Project="HelloWorld_vc9" Source="HelloWorld_vc9.vcproj" Description="MSB8012: $(TargetName) ('01.HelloWorld_vc9') does not match the Linker's OutputFile property value '..\..\bin\Win32-VisualStudio\01.HelloWorld.exe' ('01.HelloWorld') in project configuration 'Release|Win32'. This may cause your project to build incorrectly. To correct this, please make sure that $(TargetName) property value matches the value specified in %(Link.OutputFile).">
</Event><Event ErrorLevel="1" Project="HelloWorld_vc9" Source="HelloWorld_vc9.vcproj" Description="MSB8012: $(TargetPath) ('C:\Users\CarlosAlejandro\Desktop\irrlicht-1.8\examples\01.HelloWorld\.\Release\01.HelloWorld_vc9.exe') does not match the Linker's OutputFile property value '..\..\bin\Win32-VisualStudio\01.HelloWorld.exe' ('C:\Users\CarlosAlejandro\Desktop\irrlicht-1.8\bin\Win32-VisualStudio\01.HelloWorld.exe') in project configuration 'Release|Win32'. This may cause your project to build incorrectly. To correct this, please make sure that $(TargetPath) property value matches the value specified in %(Link.OutputFile).">
</Event><Event ErrorLevel="0" Project="HelloWorld_vc9" Source="HelloWorld_vc9.vcproj" Description="Done converting to new project file 'C:\Users\CarlosAlejandro\Desktop\irrlicht-1.8\examples\01.HelloWorld\HelloWorld_vc9.vcxproj'.">
</Event><Event ErrorLevel="3" Project="HelloWorld_vc9" Source="HelloWorld_vc9.vcproj" Description="Converted">
</Event></UpgradeLog>